[
{"target":"http://www.baidu.com","http_status":302,"request_config":{"headers":{"User-Agent":"Mozilla/5.0 (Windows NT 10.0; Win64; x64) AppleWebKit/537.36 (KHTML, like Gecko) Chrome/89.0.4389.82 Safari/537.36 Edg/89.0.774.48","HOST":"www.baidu.com:80","Refer":"http://www.baidu.com/","Accept":"text/html,application/xhtml+xml,application/xml;q=0.9,image/webp,image/apng,*/*;q=0.8,application/signed-exchange;v=b3;q=0.9","Accept-Encoding":null,"Accept-Language":"zh-CN,zh;q=0.9","Cookie":"rememberMe=1;remeberMe=1;remember=1"}},"plugins":{"Allhash":{"string":["mmh3:579112773-md5:cfbeaf604823f038b8b46f0ac862b98c"]},"Cookies":{"string":["BAIDUID","BD_LAST_QID","BIDUPSID","PSTM"]},"HTTPServer":{"string":["BWS/1.1"]},"IP":{"string":["14.215.177.39"]},"Len":{"string":[154]},"RedirectLocation":{"string":["https://www.baidu.com/"]},"Title":{"string":["302 Found"]},"UncommonHeaders":{"string":["traceid"]},"X-Frame-Options":{"string":["sameorigin"]},"X-UA-Compatible":{"string":["IE=Edge,chrome=1"]},"Country":{"string":["CHINA"],"module":["CN"]},"p3p_enabled":{}}}
,
{"target":"http://www.baidu.com","http_status":302,"request_config":{"headers":{"User-Agent":"Mozilla/5.0 (Windows NT 10.0; Win64; x64) AppleWebKit/537.36 (KHTML, like Gecko) Chrome/89.0.4389.82 Safari/537.36 Edg/89.0.774.48","HOST":"www.baidu.com:443","Refer":"https://www.baidu.com/","Accept":"text/html,application/xhtml+xml,application/xml;q=0.9,image/webp,image/apng,*/*;q=0.8,application/signed-exchange;v=b3;q=0.9","Accept-Encoding":null,"Accept-Language":"zh-CN,zh;q=0.9","Cookie":"rememberMe=1;remeberMe=1;remember=1"}},"plugins":{"Allhash":{"string":["mmh3:579112773-md5:cfbeaf604823f038b8b46f0ac862b98c"]},"Cookies":{"string":["BAIDUID","BD_LAST_QID","BIDUPSID","PSTM"]},"HTTPServer":{"string":["BWS/1.1"]},"IP":{"string":["14.215.177.38"]},"Len":{"string":[154]},"RedirectLocation":{"string":["https://www.baidu.com/"]},"Title":{"string":["302 Found"]},"UncommonHeaders":{"string":["traceid"]},"X-Frame-Options":{"string":["sameorigin"]},"X-UA-Compatible":{"string":["IE=Edge,chrome=1"]},"Country":{"string":["CHINA"],"module":["CN"]},"p3p_enabled":{}}}
,
{"target":"https://www.baidu.com/","http_status":200,"request_config":{"headers":{"User-Agent":"Mozilla/5.0 (Windows NT 10.0; Win64; x64) AppleWebKit/537.36 (KHTML, like Gecko) Chrome/89.0.4389.82 Safari/537.36 Edg/89.0.774.48","HOST":"www.baidu.com:443","Refer":"https://www.baidu.com/","Accept":"text/html,application/xhtml+xml,application/xml;q=0.9,image/webp,image/apng,*/*;q=0.8,application/signed-exchange;v=b3;q=0.9","Accept-Encoding":null,"Accept-Language":"zh-CN,zh;q=0.9","Cookie":"rememberMe=1;remeberMe=1;remember=1"}},"plugins":{"Allhash":{"string":["mmh3:-1555712106-md5:b5f919f69f228ea9d68367fe52f0e4b5"]},"Cookies":{"string":["BAIDUID","BDSVRTM","BD_HOME","BIDUPSID","H_PS_PSSID","PSTM"]},"HTML5":{},"HTTPServer":{"string":["BWS/1.1"]},"IP":{"string":["14.215.177.39"]},"Len":{"string":[306760]},"Script":{"string":["text/javascript"]},"Strict-Transport-Security":{"string":["max-age=172800"]},"Title":{"string":["百度一下，你就知道"]},"UncommonHeaders":{"string":["bdpagetype,bdqid,traceid"]},"X-Frame-Options":{"string":["sameorigin"]},"X-UA-Compatible":{"string":["IE=Edge,chrome=1","IE=edge"]},"Country":{"string":["CHINA"],"module":["CN"]},"choices":{},"chunked_encode":{},"Email":{"string":["baiduyun@2x-e0be79e69e.png","baike@2x-1fe3db7fa6.png","baobaozhidao@2x-af409f9dbe.png","index@2.png","jingyan@2x-e53eac48cb.png","pop_tri@1x-f4a02fac82.png","qrcode-hover@2x-f9b106a848.png","qrcode@2x-daf987ad02.png","result@2.png","tupian@2x-482fc011fc.png","wenku@2x-f3aba893c1.png","yinyue@2x-c18adacacb.png","zhidao@2x-e9b427ecc4.png"]},"JQuery":{},"Meta-Refresh-Redirect":{"string":["http://www.baidu.com/baidu.html?from=noscript"]},"OpenSearch":{"string":["/content-search.xml"]},"p3p_enabled":{},"requirejs":{}}}
,
{"target":"https://www.baidu.com/","http_status":200,"request_config":{"headers":{"User-Agent":"Mozilla/5.0 (Windows NT 10.0; Win64; x64) AppleWebKit/537.36 (KHTML, like Gecko) Chrome/89.0.4389.82 Safari/537.36 Edg/89.0.774.48","HOST":"www.baidu.com:443","Refer":"https://www.baidu.com/","Accept":"text/html,application/xhtml+xml,application/xml;q=0.9,image/webp,image/apng,*/*;q=0.8,application/signed-exchange;v=b3;q=0.9","Accept-Encoding":null,"Accept-Language":"zh-CN,zh;q=0.9","Cookie":"rememberMe=1;remeberMe=1;remember=1"}},"plugins":{"Allhash":{"string":["mmh3:1901819710-md5:7215e5501a958cc8090919f6ce6d9978"]},"Cookies":{"string":["BAIDUID","BDSVRTM","BD_HOME","BIDUPSID","H_PS_PSSID","PSTM"]},"HTML5":{},"HTTPServer":{"string":["BWS/1.1"]},"IP":{"string":["14.215.177.39"]},"Len":{"string":[306838]},"Script":{"string":["text/javascript"]},"Strict-Transport-Security":{"string":["max-age=172800"]},"Title":{"string":["百度一下，你就知道"]},"UncommonHeaders":{"string":["bdpagetype,bdqid,traceid"]},"X-Frame-Options":{"string":["sameorigin"]},"X-UA-Compatible":{"string":["IE=Edge,chrome=1","IE=edge"]},"Country":{"string":["CHINA"],"module":["CN"]},"choices":{},"chunked_encode":{},"Email":{"string":["baiduyun@2x-e0be79e69e.png","baike@2x-1fe3db7fa6.png","baobaozhidao@2x-af409f9dbe.png","index@2.png","jingyan@2x-e53eac48cb.png","pop_tri@1x-f4a02fac82.png","qrcode-hover@2x-f9b106a848.png","qrcode@2x-daf987ad02.png","result@2.png","tupian@2x-482fc011fc.png","wenku@2x-f3aba893c1.png","yinyue@2x-c18adacacb.png","zhidao@2x-e9b427ecc4.png"]},"JQuery":{},"Meta-Refresh-Redirect":{"string":["http://www.baidu.com/baidu.html?from=noscript"]},"OpenSearch":{"string":["/content-search.xml"]},"p3p_enabled":{},"requirejs":{}}}
,
{"target":"http://www.baidu.com/baidu.html?from=noscript","http_status":200,"request_config":{"headers":{"User-Agent":"Mozilla/5.0 (Windows NT 10.0; Win64; x64) AppleWebKit/537.36 (KHTML, like Gecko) Chrome/89.0.4389.82 Safari/537.36 Edg/89.0.774.48","HOST":"www.baidu.com:80","Refer":"http://www.baidu.com/baidu.html?from=noscript","Accept":"text/html,application/xhtml+xml,application/xml;q=0.9,image/webp,image/apng,*/*;q=0.8,application/signed-exchange;v=b3;q=0.9","Accept-Encoding":null,"Accept-Language":"zh-CN,zh;q=0.9","Cookie":"rememberMe=1;remeberMe=1;remember=1"}},"plugins":{"Allhash":{"string":["mmh3:2119439381-md5:3d74935cc6417e26bc193ab0cf4a52ca"]},"Cookies":{"string":["BAIDUID"]},"HTML5":{},"HTTPServer":{"string":["Apache"]},"IP":{"string":["14.215.177.39"]},"Len":{"string":[2857]},"Script":{},"Title":{"string":["百度一下，你就知道"]},"X-UA-Compatible":{"string":["IE=Edge"]},"Country":{"string":["CHINA"],"module":["CN"]},"Apache":{},"choices":{},"p3p_enabled":{}}}
,
{"target":"http://www.baidu.com/baidu.html?from=noscript","http_status":200,"request_config":{"headers":{"User-Agent":"Mozilla/5.0 (Windows NT 10.0; Win64; x64) AppleWebKit/537.36 (KHTML, like Gecko) Chrome/89.0.4389.82 Safari/537.36 Edg/89.0.774.48","HOST":"www.baidu.com:80","Refer":"http://www.baidu.com/baidu.html?from=noscript","Accept":"text/html,application/xhtml+xml,application/xml;q=0.9,image/webp,image/apng,*/*;q=0.8,application/signed-exchange;v=b3;q=0.9","Accept-Encoding":null,"Accept-Language":"zh-CN,zh;q=0.9","Cookie":"rememberMe=1;remeberMe=1;remember=1"}},"plugins":{"Allhash":{"string":["mmh3:2119439381-md5:3d74935cc6417e26bc193ab0cf4a52ca"]},"Cookies":{"string":["BAIDUID"]},"HTML5":{},"HTTPServer":{"string":["Apache"]},"IP":{"string":["14.215.177.39"]},"Len":{"string":[2857]},"Script":{},"Title":{"string":["百度一下，你就知道"]},"X-UA-Compatible":{"string":["IE=Edge"]},"Country":{"string":["CHINA"],"module":["CN"]},"Apache":{},"choices":{},"p3p_enabled":{}}}
]
