[
{"target":"http://www.baidu.com,www.baidd.com/","http_status":301,"request_config":{"headers":{"User-Agent":"Mozilla/5.0 (Windows NT 10.0; Win64; x64) AppleWebKit/537.36 (KHTML, like Gecko) Chrome/89.0.4389.82 Safari/537.36 Edg/89.0.774.48","HOST":"www.baidu.com,www.baidd.com:80","Refer":"http://www.baidu.com,www.baidd.com/","Accept":"text/html,application/xhtml+xml,application/xml;q=0.9,image/webp,image/apng,*/*;q=0.8,application/signed-exchange;v=b3;q=0.9","Accept-Encoding":null,"Accept-Language":"zh-CN,zh;q=0.9"}},"plugins":{"Country":{"string":["CANADA"],"module":["CA"]},"HTTPServer":{"string":["nginx/1.12.1"]},"IP":{"string":["47.52.205.27"]},"nginx":{"version":["1.12.1"]},"RedirectLocation":{"string":["http://www.haoqq.com/"]},"Title":{"string":["301 Moved Permanently"]}}}
,
{"target":"http://www.haoqq.com/","http_status":200,"request_config":{"headers":{"User-Agent":"Mozilla/5.0 (Windows NT 10.0; Win64; x64) AppleWebKit/537.36 (KHTML, like Gecko) Chrome/89.0.4389.82 Safari/537.36 Edg/89.0.774.48","HOST":"www.haoqq.com:80","Refer":"http://www.haoqq.com/","Accept":"text/html,application/xhtml+xml,application/xml;q=0.9,image/webp,image/apng,*/*;q=0.8,application/signed-exchange;v=b3;q=0.9","Accept-Encoding":null,"Accept-Language":"zh-CN,zh;q=0.9"}},"plugins":{"Country":{"string":["CANADA"],"module":["CA"]},"Frame":{},"HTML5":{},"HTTPServer":{"string":["nginx/1.12.1"]},"IP":{"string":["47.52.205.27"]},"Mark-of-the-Web":{"string":["http://haoqq.com/"]},"nginx":{"version":["1.12.1"]},"PHP":{"version":["5.6.4"]},"Script":{"string":["text/javascript"]},"Title":{"string":["Haoqq网址导航 | AMZ亚马逊卖家DMJ最爱的网址导航"]},"X-Powered-By":{"string":["PHP/5.6.4"]},"X-UA-Compatible":{"string":["IE=edge"]}}}
]
